<tours>
    <shopping>
        <id>1</id>
        <typeDesc>Shopping</typeDesc>
        <food>No_food</food>
        <transport>Car</transport>
        <duration>3</duration>
        <price>200</price>
        <country>Germany</country>
        <nightTransfer>Y</nightTransfer>
    </shopping>
    <cruise>
        <id>2</id>
        <typeDesc>Cruise</typeDesc>
        <food>AI</food>
        <transport>Lainer</transport>
        <duration>22</duration>
        <price>14000</price>
        <countries>Russia, Belarus, USA</countries>
    </cruise>
</tours>